cliente 1;mexico;Sitio001;10000000;Equipo001-0/0/1/0;Sitio001-cliente 1-Equipo001-0/0/1/0
cliente 2;mexico;Sitio002;100000000;Equipo001-0/0/1/4;Sitio002-cliente 2-Equipo001-0/0/1/4
cliente 3;mexico;Sitio003;50000000;Equipo001-0/0/1/5;Sitio003-cliente 3-Equipo001-0/0/1/5
cliente 4;mexico;Sitio004;1000000000;Equipo001-0/0/1/6;Sitio004-cliente 4-Equipo001-0/0/1/6
cliente 5;mexico;Sitio005;20000000;Equipo002-0/0/1/1;Sitio005-cliente 5-Equipo002-0/0/1/1
cliente 6;mexico;Sitio006;30000000;Equipo002-0/0/1/5;Sitio006-cliente 6-Equipo002-0/0/1/5
cliente 7;mexico;Sitio001;10000000;Equipo002-0/0/1/6;Sitio001-cliente 7-Equipo002-0/0/1/6
cliente 8;mexico;Sitio002;100000000;Equipo002-0/0/1/7;Sitio002-cliente 8-Equipo002-0/0/1/7
cliente 9;mexico;Sitio003;50000000;Equipo002-0/0/2/2;Sitio003-cliente 9-Equipo002-0/0/2/2
cliente 10;mexico;Sitio004;1000000000;Equipo002-0/0/2/6;Sitio004-cliente 10-Equipo002-0/0/2/6
cliente 11;mexico;Sitio005;20000000;Equipo002-0/0/2/7;Sitio005-cliente 11-Equipo002-0/0/2/7
cliente 12;mexico;Sitio006;30000000;Equipo003-0/1/0/0;Sitio006-cliente 12-Equipo003-0/1/0/0
cliente 13;mexico;Sitio001;10000000;Equipo003-0/1/0/3;Sitio001-cliente 13-Equipo003-0/1/0/3
cliente 14;mexico;Sitio002;100000000;Equipo003-0/1/1/3;Sitio002-cliente 14-Equipo003-0/1/1/3
cliente 15;mexico;Sitio003;50000000;Equipo003-0/2/0/0;Sitio003-cliente 15-Equipo003-0/2/0/0
cliente 16;mexico;Sitio004;1000000000;Equipo003-0/2/0/1;Sitio004-cliente 16-Equipo003-0/2/0/1
cliente 17;mexico;Sitio005;20000000;Equipo003-0/2/1/0;Sitio005-cliente 17-Equipo003-0/2/1/0
cliente 18;mexico;Sitio006;30000000;Equipo003-0/3/1/0;Sitio006-cliente 18-Equipo003-0/3/1/0
cliente 19;mexico;Sitio001;10000000;Equipo003-0/3/1/1;Sitio001-cliente 19-Equipo003-0/3/1/1
cliente 20;mexico;Sitio002;100000000;Equipo003-0/3/1/2;Sitio002-cliente 20-Equipo003-0/3/1/2
cliente 21;mexico;Sitio003;50000000;Equipo003-0/4/0/1;Sitio003-cliente 21-Equipo003-0/4/0/1
cliente 22;mexico;Sitio004;1000000000;Equipo004-0/1;Sitio004-cliente 22-Equipo004-0/1
cliente 23;mexico;Sitio005;20000000;Equipo004-0/2;Sitio005-cliente 23-Equipo004-0/2
cliente 24;mexico;Sitio006;30000000;Equipo004-0/3;Sitio006-cliente 24-Equipo004-0/3
cliente 25;mexico;Sitio001;10000000;Equipo004-0/6;Sitio001-cliente 25-Equipo004-0/6
cliente 26;mexico;Sitio002;100000000;Equipo004-0/10;Sitio002-cliente 26-Equipo004-0/10
cliente 27;mexico;Sitio003;50000000;Equipo004-0/11;Sitio003-cliente 27-Equipo004-0/11
cliente 28;mexico;Sitio004;1000000000;Equipo004-0/12;Sitio004-cliente 28-Equipo004-0/12
cliente 29;mexico;Sitio005;20000000;Equipo004-0/15;Sitio005-cliente 29-Equipo004-0/15
cliente 30;mexico;Sitio006;30000000;Equipo004-0/19;Sitio006-cliente 30-Equipo004-0/19
cliente 31;mexico;Sitio001;10000000;Equipo004-0/20;Sitio001-cliente 31-Equipo004-0/20
cliente 32;mexico;Sitio002;100000000;Equipo004-0/21;Sitio002-cliente 32-Equipo004-0/21
cliente 33;mexico;Sitio003;50000000;Equipo004-0/24;Sitio003-cliente 33-Equipo004-0/24
cliente 34;mexico;Sitio004;1000000000;Equipo004-0/28;Sitio004-cliente 34-Equipo004-0/28
cliente 35;mexico;Sitio005;20000000;Equipo004-0/29;Sitio005-cliente 35-Equipo004-0/29
cliente 36;mexico;Sitio006;30000000;Equipo004-0/30;Sitio006-cliente 36-Equipo004-0/30
cliente 37;mexico;Sitio001;10000000;Equipo004-0/33;Sitio001-cliente 37-Equipo004-0/33
cliente 38;mexico;Sitio002;100000000;Equipo005-0/0/1;Sitio002-cliente 38-Equipo005-0/0/1
cliente 39;mexico;Sitio003;50000000;Equipo005-0/0/2;Sitio003-cliente 39-Equipo005-0/0/2
cliente 40;mexico;Sitio004;1000000000;Equipo005-0/0/3;Sitio004-cliente 40-Equipo005-0/0/3
cliente 41;mexico;Sitio005;20000000;Equipo005-0/0/6;Sitio005-cliente 41-Equipo005-0/0/6
cliente 42;mexico;Sitio006;30000000;Equipo007-0/2;Sitio006-cliente 42-Equipo007-0/2
cliente 43;mexico;Sitio001;10000000;Equipo007-0/3;Sitio001-cliente 43-Equipo007-0/3
cliente 44;mexico;Sitio002;100000000;Equipo007-0/4;Sitio002-cliente 44-Equipo007-0/4
cliente 45;mexico;Sitio003;50000000;Equipo007-0/7;Sitio003-cliente 45-Equipo007-0/7
cliente 46;mexico;Sitio004;1000000000;Equipo007-0/11;Sitio004-cliente 46-Equipo007-0/11
cliente 47;mexico;Sitio005;20000000;Equipo008-0/0/0;Sitio005-cliente 47-Equipo008-0/0/0
cliente 48;mexico;Sitio006;30000000;Equipo008-0/0/1;Sitio006-cliente 48-Equipo008-0/0/1
cliente 49;mexico;Sitio001;10000000;Equipo008-0/0/4;Sitio001-cliente 49-Equipo008-0/0/4
cliente 50;mexico;Sitio002;100000000;Equipo008-0/0/8;Sitio002-cliente 50-Equipo008-0/0/8
cliente 51;mexico;Sitio003;50000000;Equipo008-0/0/9;Sitio003-cliente 51-Equipo008-0/0/9
cliente 52;mexico;Sitio004;1000000000;Equipo008-0/0/10;Sitio004-cliente 52-Equipo008-0/0/10
cliente 53;mexico;Sitio005;20000000;Equipo008-0/0/13;Sitio005-cliente 53-Equipo008-0/0/13
cliente 54;mexico;Sitio006;30000000;Equipo008-0/0/17;Sitio006-cliente 54-Equipo008-0/0/17
cliente 55;mexico;Sitio001;10000000;Equipo008-0/0/18;Sitio001-cliente 55-Equipo008-0/0/18
cliente 56;mexico;Sitio002;100000000;Equipo008-0/0/19;Sitio002-cliente 56-Equipo008-0/0/19
cliente 57;mexico;Sitio003;50000000;Equipo008-0/0/22;Sitio003-cliente 57-Equipo008-0/0/22
cliente 58;mexico;Sitio004;1000000000;Equipo009-0/0/2;Sitio004-cliente 58-Equipo009-0/0/2
cliente 59;mexico;Sitio005;20000000;Equipo009-0/0/3;Sitio005-cliente 59-Equipo009-0/0/3
cliente 60;mexico;Sitio006;30000000;Equipo009-0/0/4;Sitio006-cliente 60-Equipo009-0/0/4
cliente 61;mexico;Sitio001;10000000;Equipo009-0/0/7;Sitio001-cliente 61-Equipo009-0/0/7
cliente 62;mexico;Sitio002;100000000;Equipo009-0/0/11;Sitio002-cliente 62-Equipo009-0/0/11
cliente 63;mexico;Sitio003;50000000;Equipo009-0/0/12;Sitio003-cliente 63-Equipo009-0/0/12
cliente 64;mexico;Sitio004;1000000000;Equipo009-0/0/13;Sitio004-cliente 64-Equipo009-0/0/13
cliente 65;mexico;Sitio005;20000000;Equipo009-0/0/16;Sitio005-cliente 65-Equipo009-0/0/16
cliente 66;mexico;Sitio006;30000000;Equipo009-0/0/20;Sitio006-cliente 66-Equipo009-0/0/20
cliente 67;mexico;Sitio001;10000000;Equipo009-0/0/21;Sitio001-cliente 67-Equipo009-0/0/21
cliente 68;mexico;Sitio002;100000000;Equipo009-0/0/22;Sitio002-cliente 68-Equipo009-0/0/22
cliente 69;mexico;Sitio003;50000000;Equipo010-0/0/1;Sitio003-cliente 69-Equipo010-0/0/1
cliente 70;mexico;Sitio004;1000000000;Equipo010-0/0/5;Sitio004-cliente 70-Equipo010-0/0/5
cliente 71;mexico;Sitio005;20000000;Equipo010-0/0/6;Sitio005-cliente 71-Equipo010-0/0/6
cliente 72;mexico;Sitio006;30000000;Equipo010-0/0/7;Sitio006-cliente 72-Equipo010-0/0/7
cliente 73;mexico;Sitio001;10000000;Equipo010-0/0/10;Sitio001-cliente 73-Equipo010-0/0/10
cliente 74;mexico;Sitio002;100000000;Equipo010-0/0/14;Sitio002-cliente 74-Equipo010-0/0/14
cliente 75;mexico;Sitio003;50000000;Equipo010-0/0/15;Sitio003-cliente 75-Equipo010-0/0/15
cliente 76;mexico;Sitio004;1000000000;Equipo010-0/0/16;Sitio004-cliente 76-Equipo010-0/0/16
cliente 77;mexico;Sitio005;20000000;Equipo010-0/0/19;Sitio005-cliente 77-Equipo010-0/0/19
cliente 78;mexico;Sitio006;30000000;Equipo010-0/0/23;Sitio006-cliente 78-Equipo010-0/0/23
cliente 79;mexico;Sitio001;10000000;Equipo011-0/0/0;Sitio001-cliente 79-Equipo011-0/0/0
cliente 80;mexico;Sitio002;100000000;Equipo011-0/0/1;Sitio002-cliente 80-Equipo011-0/0/1
cliente 81;mexico;Sitio003;50000000;Equipo011-0/0/4;Sitio003-cliente 81-Equipo011-0/0/4
cliente 82;mexico;Sitio004;1000000000;Equipo011-0/0/8;Sitio004-cliente 82-Equipo011-0/0/8
cliente 83;mexico;Sitio005;20000000;Equipo011-0/0/9;Sitio005-cliente 83-Equipo011-0/0/9
cliente 84;mexico;Sitio006;30000000;Equipo011-0/0/10;Sitio006-cliente 84-Equipo011-0/0/10
cliente 85;mexico;Sitio001;10000000;Equipo011-0/0/13;Sitio001-cliente 85-Equipo011-0/0/13
cliente 86;mexico;Sitio002;100000000;Equipo011-0/0/17;Sitio002-cliente 86-Equipo011-0/0/17
cliente 87;mexico;Sitio003;50000000;Equipo011-0/0/18;Sitio003-cliente 87-Equipo011-0/0/18
cliente 88;mexico;Sitio004;1000000000;Equipo011-0/0/19;Sitio004-cliente 88-Equipo011-0/0/19
cliente 89;mexico;Sitio005;20000000;Equipo011-0/0/22;Sitio005-cliente 89-Equipo011-0/0/22
cliente 90;mexico;Sitio006;30000000;Equipo012-0/0/2;Sitio006-cliente 90-Equipo012-0/0/2
cliente 91;mexico;Sitio001;10000000;Equipo012-0/0/3;Sitio001-cliente 91-Equipo012-0/0/3
cliente 92;mexico;Sitio002;100000000;Equipo012-0/0/4;Sitio002-cliente 92-Equipo012-0/0/4
cliente 93;mexico;Sitio003;50000000;Equipo012-0/0/7;Sitio003-cliente 93-Equipo012-0/0/7
cliente 94;mexico;Sitio004;1000000000;Equipo012-0/0/11;Sitio004-cliente 94-Equipo012-0/0/11
cliente 95;mexico;Sitio005;20000000;Equipo012-0/0/12;Sitio005-cliente 95-Equipo012-0/0/12
cliente 96;mexico;Sitio006;30000000;Equipo012-0/0/13;Sitio006-cliente 96-Equipo012-0/0/13
cliente 97;mexico;Sitio001;10000000;Equipo012-0/0/16;Sitio001-cliente 97-Equipo012-0/0/16
cliente 98;mexico;Sitio002;100000000;Equipo012-0/0/20;Sitio002-cliente 98-Equipo012-0/0/20
cliente 99;mexico;Sitio003;50000000;Equipo012-0/0/21;Sitio003-cliente 99-Equipo012-0/0/21
cliente 100;mexico;Sitio004;1000000000;Equipo012-0/0/22;Sitio004-cliente 100-Equipo012-0/0/22
cliente 101;mexico;Sitio005;20000000;Equipo013-0/0/1;Sitio005-cliente 101-Equipo013-0/0/1
cliente 102;mexico;Sitio006;30000000;Equipo013-0/0/5;Sitio006-cliente 102-Equipo013-0/0/5
cliente 103;mexico;Sitio001;10000000;Equipo013-0/0/6;Sitio001-cliente 103-Equipo013-0/0/6
cliente 104;mexico;Sitio002;100000000;Equipo013-0/0/7;Sitio002-cliente 104-Equipo013-0/0/7
cliente 105;mexico;Sitio003;50000000;Equipo013-0/0/10;Sitio003-cliente 105-Equipo013-0/0/10
cliente 106;mexico;Sitio004;1000000000;Equipo013-0/0/14;Sitio004-cliente 106-Equipo013-0/0/14
cliente 107;mexico;Sitio005;20000000;Equipo013-0/0/15;Sitio005-cliente 107-Equipo013-0/0/15
cliente 108;mexico;Sitio006;30000000;Equipo013-0/0/16;Sitio006-cliente 108-Equipo013-0/0/16
cliente 109;mexico;Sitio001;10000000;Equipo013-0/0/19;Sitio001-cliente 109-Equipo013-0/0/19
cliente 110;mexico;Sitio002;100000000;Equipo013-0/0/23;Sitio002-cliente 110-Equipo013-0/0/23
cliente 111;mexico;Sitio003;50000000;Equipo014-0/0/0;Sitio003-cliente 111-Equipo014-0/0/0
cliente 112;mexico;Sitio004;1000000000;Equipo014-0/0/1;Sitio004-cliente 112-Equipo014-0/0/1
cliente 113;mexico;Sitio005;20000000;Equipo014-0/0/4;Sitio005-cliente 113-Equipo014-0/0/4
cliente 114;mexico;Sitio006;30000000;Equipo014-0/0/8;Sitio006-cliente 114-Equipo014-0/0/8
cliente 115;mexico;Sitio001;10000000;Equipo014-0/0/9;Sitio001-cliente 115-Equipo014-0/0/9
cliente 116;mexico;Sitio002;100000000;Equipo014-0/0/10;Sitio002-cliente 116-Equipo014-0/0/10
cliente 117;mexico;Sitio003;50000000;Equipo014-0/0/13;Sitio003-cliente 117-Equipo014-0/0/13
cliente 118;mexico;Sitio004;1000000000;Equipo014-0/0/17;Sitio004-cliente 118-Equipo014-0/0/17
cliente 119;mexico;Sitio005;20000000;Equipo014-0/0/18;Sitio005-cliente 119-Equipo014-0/0/18
cliente 120;mexico;Sitio006;30000000;Equipo014-0/0/19;Sitio006-cliente 120-Equipo014-0/0/19
cliente 121;mexico;Sitio001;10000000;Equipo014-0/0/22;Sitio001-cliente 121-Equipo014-0/0/22
cliente 122;mexico;Sitio002;100000000;Equipo015-0/0/2;Sitio002-cliente 122-Equipo015-0/0/2
cliente 123;mexico;Sitio003;50000000;Equipo015-0/0/3;Sitio003-cliente 123-Equipo015-0/0/3
cliente 124;mexico;Sitio004;1000000000;Equipo015-0/0/4;Sitio004-cliente 124-Equipo015-0/0/4
cliente 125;mexico;Sitio005;20000000;Equipo015-0/0/7;Sitio005-cliente 125-Equipo015-0/0/7
cliente 126;mexico;Sitio006;30000000;Equipo015-0/0/11;Sitio006-cliente 126-Equipo015-0/0/11
cliente 127;mexico;Sitio001;10000000;Equipo015-0/0/12;Sitio001-cliente 127-Equipo015-0/0/12
cliente 128;mexico;Sitio002;100000000;Equipo015-0/0/13;Sitio002-cliente 128-Equipo015-0/0/13
cliente 129;mexico;Sitio003;50000000;Equipo015-0/0/16;Sitio003-cliente 129-Equipo015-0/0/16
cliente 130;mexico;Sitio004;1000000000;Equipo015-0/0/20;Sitio004-cliente 130-Equipo015-0/0/20
cliente 131;mexico;Sitio005;20000000;Equipo015-0/0/21;Sitio005-cliente 131-Equipo015-0/0/21
cliente 132;mexico;Sitio006;30000000;Equipo015-0/0/22;Sitio006-cliente 132-Equipo015-0/0/22
cliente 133;mexico;Sitio001;10000000;Equipo016-0/0/1;Sitio001-cliente 133-Equipo016-0/0/1
cliente 134;mexico;Sitio002;100000000;Equipo016-0/0/5;Sitio002-cliente 134-Equipo016-0/0/5
cliente 135;mexico;Sitio003;50000000;Equipo016-0/0/6;Sitio003-cliente 135-Equipo016-0/0/6
cliente 136;mexico;Sitio004;1000000000;Equipo016-0/0/7;Sitio004-cliente 136-Equipo016-0/0/7
cliente 137;mexico;Sitio005;20000000;Equipo016-0/0/10;Sitio005-cliente 137-Equipo016-0/0/10
cliente 138;mexico;Sitio006;30000000;Equipo016-0/0/14;Sitio006-cliente 138-Equipo016-0/0/14
cliente 139;mexico;Sitio001;10000000;Equipo016-0/0/15;Sitio001-cliente 139-Equipo016-0/0/15
cliente 140;mexico;Sitio002;100000000;Equipo016-0/0/16;Sitio002-cliente 140-Equipo016-0/0/16
cliente 141;mexico;Sitio003;50000000;Equipo016-0/0/19;Sitio003-cliente 141-Equipo016-0/0/19
cliente 142;mexico;Sitio004;1000000000;Equipo016-0/0/23;Sitio004-cliente 142-Equipo016-0/0/23
cliente 143;mexico;Sitio005;20000000;Equipo017-0/0/0;Sitio005-cliente 143-Equipo017-0/0/0
cliente 144;mexico;Sitio006;30000000;Equipo017-0/0/1;Sitio006-cliente 144-Equipo017-0/0/1
cliente 145;mexico;Sitio001;10000000;Equipo017-0/0/4;Sitio001-cliente 145-Equipo017-0/0/4
cliente 146;mexico;Sitio002;100000000;Equipo017-0/0/8;Sitio002-cliente 146-Equipo017-0/0/8
cliente 147;mexico;Sitio003;50000000;Equipo017-0/0/9;Sitio003-cliente 147-Equipo017-0/0/9
cliente 148;mexico;Sitio004;1000000000;Equipo017-0/0/10;Sitio004-cliente 148-Equipo017-0/0/10
cliente 149;mexico;Sitio005;20000000;Equipo017-0/0/13;Sitio005-cliente 149-Equipo017-0/0/13
cliente 150;mexico;Sitio006;30000000;Equipo017-0/0/17;Sitio006-cliente 150-Equipo017-0/0/17
cliente 151;mexico;Sitio001;10000000;Equipo017-0/0/18;Sitio001-cliente 151-Equipo017-0/0/18
cliente 152;mexico;Sitio002;100000000;Equipo017-0/0/19;Sitio002-cliente 152-Equipo017-0/0/19
cliente 153;mexico;Sitio003;50000000;Equipo017-0/0/22;Sitio003-cliente 153-Equipo017-0/0/22
cliente 154;mexico;Sitio004;1000000000;Equipo018-0/0/2;Sitio004-cliente 154-Equipo018-0/0/2
cliente 155;mexico;Sitio005;20000000;Equipo018-0/0/3;Sitio005-cliente 155-Equipo018-0/0/3
cliente 156;mexico;Sitio006;30000000;Equipo018-0/0/4;Sitio006-cliente 156-Equipo018-0/0/4
cliente 157;mexico;Sitio001;10000000;Equipo018-0/0/7;Sitio001-cliente 157-Equipo018-0/0/7
cliente 158;mexico;Sitio002;100000000;Equipo018-0/0/11;Sitio002-cliente 158-Equipo018-0/0/11
cliente 159;mexico;Sitio003;50000000;Equipo018-0/0/12;Sitio003-cliente 159-Equipo018-0/0/12
cliente 160;mexico;Sitio004;1000000000;Equipo018-0/0/13;Sitio004-cliente 160-Equipo018-0/0/13
cliente 161;mexico;Sitio005;20000000;Equipo018-0/0/16;Sitio005-cliente 161-Equipo018-0/0/16
cliente 162;mexico;Sitio006;30000000;Equipo018-0/0/20;Sitio006-cliente 162-Equipo018-0/0/20
cliente 163;mexico;Sitio001;10000000;Equipo018-0/0/21;Sitio001-cliente 163-Equipo018-0/0/21
cliente 164;mexico;Sitio002;100000000;Equipo018-0/0/22;Sitio002-cliente 164-Equipo018-0/0/22
cliente 165;mexico;Sitio003;50000000;Equipo019-0/0/1;Sitio003-cliente 165-Equipo019-0/0/1
cliente 166;mexico;Sitio004;1000000000;Equipo019-0/0/5;Sitio004-cliente 166-Equipo019-0/0/5
cliente 167;mexico;Sitio005;20000000;Equipo019-0/0/6;Sitio005-cliente 167-Equipo019-0/0/6
cliente 168;mexico;Sitio006;30000000;Equipo019-0/0/7;Sitio006-cliente 168-Equipo019-0/0/7
cliente 169;mexico;Sitio001;10000000;Equipo019-0/0/10;Sitio001-cliente 169-Equipo019-0/0/10
cliente 170;mexico;Sitio002;100000000;Equipo019-0/0/14;Sitio002-cliente 170-Equipo019-0/0/14
cliente 171;mexico;Sitio003;50000000;Equipo019-0/0/15;Sitio003-cliente 171-Equipo019-0/0/15
cliente 172;mexico;Sitio004;1000000000;Equipo019-0/0/16;Sitio004-cliente 172-Equipo019-0/0/16
cliente 173;mexico;Sitio005;20000000;Equipo019-0/0/19;Sitio005-cliente 173-Equipo019-0/0/19
cliente 174;mexico;Sitio006;30000000;Equipo019-0/0/23;Sitio006-cliente 174-Equipo019-0/0/23
cliente 175;mexico;Sitio001;10000000;Equipo020-0/0/0;Sitio001-cliente 175-Equipo020-0/0/0
cliente 176;mexico;Sitio002;100000000;Equipo020-0/0/1;Sitio002-cliente 176-Equipo020-0/0/1
cliente 177;mexico;Sitio003;50000000;Equipo020-0/0/4;Sitio003-cliente 177-Equipo020-0/0/4
cliente 178;mexico;Sitio004;1000000000;Equipo020-0/0/8;Sitio004-cliente 178-Equipo020-0/0/8
cliente 179;mexico;Sitio005;20000000;Equipo020-0/0/9;Sitio005-cliente 179-Equipo020-0/0/9
cliente 180;mexico;Sitio006;30000000;Equipo020-0/0/10;Sitio006-cliente 180-Equipo020-0/0/10
cliente 181;mexico;Sitio001;10000000;Equipo020-0/0/13;Sitio001-cliente 181-Equipo020-0/0/13
cliente 182;mexico;Sitio002;100000000;Equipo020-0/0/17;Sitio002-cliente 182-Equipo020-0/0/17
cliente 183;mexico;Sitio003;50000000;Equipo020-0/0/18;Sitio003-cliente 183-Equipo020-0/0/18
cliente 184;mexico;Sitio004;1000000000;Equipo020-0/0/19;Sitio004-cliente 184-Equipo020-0/0/19
cliente 185;mexico;Sitio005;20000000;Equipo020-0/0/22;Sitio005-cliente 185-Equipo020-0/0/22
cliente 186;mexico;Sitio006;30000000;Equipo021-0/0/2;Sitio006-cliente 186-Equipo021-0/0/2
cliente 187;mexico;Sitio001;10000000;Equipo021-0/0/3;Sitio001-cliente 187-Equipo021-0/0/3
cliente 188;mexico;Sitio002;100000000;Equipo021-0/0/4;Sitio002-cliente 188-Equipo021-0/0/4
cliente 189;mexico;Sitio003;50000000;Equipo021-0/0/7;Sitio003-cliente 189-Equipo021-0/0/7
cliente 190;mexico;Sitio004;1000000000;Equipo021-0/0/11;Sitio004-cliente 190-Equipo021-0/0/11
cliente 191;mexico;Sitio005;20000000;Equipo021-0/0/12;Sitio005-cliente 191-Equipo021-0/0/12
cliente 192;mexico;Sitio006;30000000;Equipo027-0/0/20;Sitio006-cliente 192-Equipo027-0/0/20
cliente 193;mexico;Sitio001;10000000;Equipo027-0/0/21;Sitio001-cliente 193-Equipo027-0/0/21
cliente 194;mexico;Sitio002;100000000;Equipo027-0/0/22;Sitio002-cliente 194-Equipo027-0/0/22
cliente 195;mexico;Sitio003;50000000;Equipo028-0/0/1;Sitio003-cliente 195-Equipo028-0/0/1
cliente 196;mexico;Sitio004;1000000000;Equipo028-0/0/5;Sitio004-cliente 196-Equipo028-0/0/5
cliente 197;mexico;Sitio005;20000000;Equipo028-0/0/6;Sitio005-cliente 197-Equipo028-0/0/6
cliente 198;mexico;Sitio006;30000000;Equipo028-0/0/7;Sitio006-cliente 198-Equipo028-0/0/7
cliente 199;mexico;Sitio001;10000000;Equipo028-0/0/10;Sitio001-cliente 199-Equipo028-0/0/10
cliente 200;mexico;Sitio002;100000000;Equipo028-0/0/14;Sitio002-cliente 200-Equipo028-0/0/14
cliente 201;monterrey;Sitio001;1000000000;Equipo060-0/0/2/4;Sitio001-cliente 201-Equipo060-0/0/2/4
cliente 202;monterrey;Sitio002;1000000000;Equipo060-0/0/2/7;Sitio002-cliente 202-Equipo060-0/0/2/7
cliente 203;monterrey;Sitio003;10000000000;Equipo061-0/0/1/3;Sitio003-cliente 203-Equipo061-0/0/1/3
cliente 204;monterrey;Sitio004;50000000;Equipo061-0/0/1/4;Sitio004-cliente 204-Equipo061-0/0/1/4
cliente 205;monterrey;Sitio001;1000000000;Equipo061-0/0/1/5;Sitio001-cliente 205-Equipo061-0/0/1/5
cliente 206;monterrey;Sitio002;1000000000;Equipo064-0/0/19;Sitio002-cliente 206-Equipo064-0/0/19
cliente 207;monterrey;Sitio003;10000000000;Equipo064-0/0/22;Sitio003-cliente 207-Equipo064-0/0/22
cliente 208;monterrey;Sitio004;50000000;Equipo065-0/0/2;Sitio004-cliente 208-Equipo065-0/0/2
cliente 209;monterrey;Sitio001;1000000000;Equipo065-0/0/3;Sitio001-cliente 209-Equipo065-0/0/3
cliente 210;monterrey;Sitio002;1000000000;Equipo065-0/0/4;Sitio002-cliente 210-Equipo065-0/0/4
cliente 211;monterrey;Sitio003;10000000000;Equipo067-0/0/19;Sitio003-cliente 211-Equipo067-0/0/19
cliente 212;monterrey;Sitio004;50000000;Equipo067-0/0/23;Sitio004-cliente 212-Equipo067-0/0/23
cliente 213;monterrey;Sitio001;1000000000;Equipo068-0/0/0;Sitio001-cliente 213-Equipo068-0/0/0
cliente 214;monterrey;Sitio002;1000000000;Equipo068-0/0/1;Sitio002-cliente 214-Equipo068-0/0/1
cliente 215;monterrey;Sitio003;10000000000;Equipo069-0/0/16;Sitio003-cliente 215-Equipo069-0/0/16
cliente 216;monterrey;Sitio004;50000000;Equipo069-0/0/20;Sitio004-cliente 216-Equipo069-0/0/20
cliente 217;monterrey;Sitio001;1000000000;Equipo069-0/0/21;Sitio001-cliente 217-Equipo069-0/0/21
cliente 218;monterrey;Sitio002;1000000000;Equipo069-0/0/22;Sitio002-cliente 218-Equipo069-0/0/22
cliente 219;monterrey;Sitio003;10000000000;Equipo070-0/0/1;Sitio003-cliente 219-Equipo070-0/0/1
cliente 220;monterrey;Sitio004;50000000;Equipo070-0/0/5;Sitio004-cliente 220-Equipo070-0/0/5
cliente 221;monterrey;Sitio001;1000000000;Equipo070-0/0/6;Sitio001-cliente 221-Equipo070-0/0/6
cliente 222;monterrey;Sitio002;1000000000;Equipo070-0/0/7;Sitio002-cliente 222-Equipo070-0/0/7
cliente 223;monterrey;Sitio003;10000000000;Equipo070-0/0/10;Sitio003-cliente 223-Equipo070-0/0/10
cliente 224;monterrey;Sitio004;50000000;Equipo071-0/0/18;Sitio004-cliente 224-Equipo071-0/0/18
cliente 225;monterrey;Sitio001;1000000000;Equipo071-0/0/19;Sitio001-cliente 225-Equipo071-0/0/19
cliente 226;monterrey;Sitio002;1000000000;Equipo071-0/0/22;Sitio002-cliente 226-Equipo071-0/0/22
cliente 227;monterrey;Sitio003;10000000000;Equipo072-0/0/2;Sitio003-cliente 227-Equipo072-0/0/2
cliente 228;monterrey;Sitio004;50000000;Equipo072-0/0/3;Sitio004-cliente 228-Equipo072-0/0/3
cliente 229;monterrey;Sitio001;1000000000;Equipo072-0/0/4;Sitio001-cliente 229-Equipo072-0/0/4
cliente 230;monterrey;Sitio002;1000000000;Equipo072-0/0/7;Sitio002-cliente 230-Equipo072-0/0/7
cliente 231;monterrey;Sitio003;10000000000;Equipo072-0/0/11;Sitio003-cliente 231-Equipo072-0/0/11
cliente 232;monterrey;Sitio004;50000000;Equipo073-0/0/16;Sitio004-cliente 232-Equipo073-0/0/16
cliente 233;monterrey;Sitio001;1000000000;Equipo073-0/0/19;Sitio001-cliente 233-Equipo073-0/0/19
cliente 234;monterrey;Sitio002;1000000000;Equipo073-0/0/23;Sitio002-cliente 234-Equipo073-0/0/23
cliente 235;monterrey;Sitio003;10000000000;Equipo074-0/0/0;Sitio003-cliente 235-Equipo074-0/0/0
cliente 236;monterrey;Sitio004;50000000;Equipo074-0/0/1;Sitio004-cliente 236-Equipo074-0/0/1
cliente 237;monterrey;Sitio001;1000000000;Equipo074-0/0/4;Sitio001-cliente 237-Equipo074-0/0/4
cliente 238;monterrey;Sitio002;1000000000;Equipo074-0/0/8;Sitio002-cliente 238-Equipo074-0/0/8
cliente 239;monterrey;Sitio003;10000000000;Equipo075-0/0/20;Sitio003-cliente 239-Equipo075-0/0/20
cliente 240;monterrey;Sitio004;50000000;Equipo075-0/0/21;Sitio004-cliente 240-Equipo075-0/0/21
cliente 241;monterrey;Sitio001;1000000000;Equipo075-0/0/22;Sitio001-cliente 241-Equipo075-0/0/22
cliente 242;monterrey;Sitio002;1000000000;Equipo076-0/0/1;Sitio002-cliente 242-Equipo076-0/0/1
cliente 243;monterrey;Sitio003;10000000000;Equipo076-0/0/5;Sitio003-cliente 243-Equipo076-0/0/5
cliente 244;monterrey;Sitio004;50000000;Equipo076-0/0/6;Sitio004-cliente 244-Equipo076-0/0/6
cliente 245;monterrey;Sitio001;1000000000;Equipo076-0/0/7;Sitio001-cliente 245-Equipo076-0/0/7
cliente 246;monterrey;Sitio002;1000000000;Equipo077-0/0/18;Sitio002-cliente 246-Equipo077-0/0/18
cliente 247;monterrey;Sitio003;10000000000;Equipo077-0/0/19;Sitio003-cliente 247-Equipo077-0/0/19
cliente 248;monterrey;Sitio004;50000000;Equipo077-0/0/22;Sitio004-cliente 248-Equipo077-0/0/22
cliente 249;monterrey;Sitio001;1000000000;Equipo078-0/0/2;Sitio001-cliente 249-Equipo078-0/0/2
cliente 250;monterrey;Sitio002;1000000000;Equipo078-0/0/3;Sitio002-cliente 250-Equipo078-0/0/3
cliente 251;monterrey;Sitio003;10000000000;Equipo078-0/0/4;Sitio003-cliente 251-Equipo078-0/0/4
cliente 252;monterrey;Sitio004;50000000;Equipo078-0/0/7;Sitio004-cliente 252-Equipo078-0/0/7
cliente 253;monterrey;Sitio001;1000000000;Equipo078-0/0/11;Sitio001-cliente 253-Equipo078-0/0/11
cliente 254;monterrey;Sitio002;1000000000;Equipo078-0/0/21;Sitio002-cliente 254-Equipo078-0/0/21
cliente 255;monterrey;Sitio003;10000000000;Equipo078-0/0/22;Sitio003-cliente 255-Equipo078-0/0/22
cliente 256;monterrey;Sitio004;50000000;Equipo079-0/0/1;Sitio004-cliente 256-Equipo079-0/0/1
cliente 257;monterrey;Sitio001;1000000000;Equipo079-0/0/5;Sitio001-cliente 257-Equipo079-0/0/5
cliente 258;monterrey;Sitio002;1000000000;Equipo079-0/0/6;Sitio002-cliente 258-Equipo079-0/0/6
cliente 259;monterrey;Sitio003;10000000000;Equipo079-0/0/7;Sitio003-cliente 259-Equipo079-0/0/7
cliente 260;monterrey;Sitio004;50000000;Equipo079-0/0/10;Sitio004-cliente 260-Equipo079-0/0/10
cliente 261;monterrey;Sitio001;1000000000;Equipo079-0/0/14;Sitio001-cliente 261-Equipo079-0/0/14
cliente 262;monterrey;Sitio002;1000000000;Equipo079-0/0/15;Sitio002-cliente 262-Equipo079-0/0/15
cliente 263;monterrey;Sitio003;10000000000;Equipo079-0/0/16;Sitio003-cliente 263-Equipo079-0/0/16
cliente 264;monterrey;Sitio004;50000000;Equipo079-0/0/19;Sitio004-cliente 264-Equipo079-0/0/19
cliente 265;monterrey;Sitio001;1000000000;Equipo079-0/0/23;Sitio001-cliente 265-Equipo079-0/0/23
cliente 266;monterrey;Sitio002;1000000000;Equipo080-0/0/19;Sitio002-cliente 266-Equipo080-0/0/19
cliente 267;monterrey;Sitio003;10000000000;Equipo080-0/0/22;Sitio003-cliente 267-Equipo080-0/0/22
cliente 268;monterrey;Sitio004;50000000;Equipo081-0/0/21;Sitio004-cliente 268-Equipo081-0/0/21
cliente 269;monterrey;Sitio001;1000000000;Equipo081-0/0/22;Sitio001-cliente 269-Equipo081-0/0/22
cliente 270;monterrey;Sitio002;1000000000;Equipo082-0/0/1;Sitio002-cliente 270-Equipo082-0/0/1
cliente 271;monterrey;Sitio003;10000000000;Equipo082-0/0/5;Sitio003-cliente 271-Equipo082-0/0/5
cliente 272;monterrey;Sitio004;50000000;Equipo082-0/0/6;Sitio004-cliente 272-Equipo082-0/0/6
cliente 273;monterrey;Sitio001;1000000000;Equipo082-0/0/7;Sitio001-cliente 273-Equipo082-0/0/7
cliente 274;monterrey;Sitio002;1000000000;Equipo082-0/0/10;Sitio002-cliente 274-Equipo082-0/0/10
cliente 275;monterrey;Sitio003;10000000000;Equipo082-0/0/14;Sitio003-cliente 275-Equipo082-0/0/14
cliente 276;monterrey;Sitio004;50000000;Equipo082-0/0/15;Sitio004-cliente 276-Equipo082-0/0/15
cliente 277;monterrey;Sitio001;1000000000;Equipo082-0/0/16;Sitio001-cliente 277-Equipo082-0/0/16
cliente 278;monterrey;Sitio002;1000000000;Equipo082-0/0/19;Sitio002-cliente 278-Equipo082-0/0/19
cliente 279;monterrey;Sitio003;10000000000;Equipo082-0/0/23;Sitio003-cliente 279-Equipo082-0/0/23
cliente 280;monterrey;Sitio004;50000000;Equipo083-0/0/0;Sitio004-cliente 280-Equipo083-0/0/0
cliente 281;monterrey;Sitio001;1000000000;Equipo083-0/0/1;Sitio001-cliente 281-Equipo083-0/0/1
cliente 282;monterrey;Sitio002;1000000000;Equipo083-0/0/4;Sitio002-cliente 282-Equipo083-0/0/4
cliente 283;monterrey;Sitio003;10000000000;Equipo083-0/0/8;Sitio003-cliente 283-Equipo083-0/0/8
cliente 284;monterrey;Sitio004;50000000;Equipo083-0/0/9;Sitio004-cliente 284-Equipo083-0/0/9
cliente 285;monterrey;Sitio001;1000000000;Equipo084-0/2/1/1;Sitio001-cliente 285-Equipo084-0/2/1/1
cliente 286;monterrey;Sitio002;1000000000;Equipo084-0/3/1/0;Sitio002-cliente 286-Equipo084-0/3/1/0
cliente 287;monterrey;Sitio003;10000000000;Equipo084-0/4/0/0;Sitio003-cliente 287-Equipo084-0/4/0/0
cliente 288;monterrey;Sitio004;50000000;Equipo084-0/4/0/1;Sitio004-cliente 288-Equipo084-0/4/0/1
cliente 289;monterrey;Sitio001;1000000000;Equipo084-0/4/0/2;Sitio001-cliente 289-Equipo084-0/4/0/2
cliente 290;monterrey;Sitio002;1000000000;Equipo085-0/1/0/1;Sitio002-cliente 290-Equipo085-0/1/0/1
cliente 291;monterrey;Sitio003;10000000000;Equipo085-0/1/1/1;Sitio003-cliente 291-Equipo085-0/1/1/1
cliente 292;monterrey;Sitio004;50000000;Equipo085-0/1/1/2;Sitio004-cliente 292-Equipo085-0/1/1/2
cliente 293;monterrey;Sitio001;1000000000;Equipo085-0/1/1/3;Sitio001-cliente 293-Equipo085-0/1/1/3
cliente 294;monterrey;Sitio002;1000000000;Equipo085-0/2/0/2;Sitio002-cliente 294-Equipo085-0/2/0/2
cliente 295;monterrey;Sitio003;10000000000;Equipo085-0/2/1/2;Sitio003-cliente 295-Equipo085-0/2/1/2
cliente 296;monterrey;Sitio004;50000000;Equipo085-0/2/1/3;Sitio004-cliente 296-Equipo085-0/2/1/3
cliente 297;monterrey;Sitio001;1000000000;Equipo085-0/3/1/0;Sitio001-cliente 297-Equipo085-0/3/1/0
cliente 298;monterrey;Sitio002;1000000000;Equipo087-0/2/1/1;Sitio002-cliente 298-Equipo087-0/2/1/1
cliente 299;monterrey;Sitio003;10000000000;Equipo087-0/3/1/0;Sitio003-cliente 299-Equipo087-0/3/1/0
cliente 300;monterrey;Sitio004;50000000;Equipo087-0/4/0/0;Sitio004-cliente 300-Equipo087-0/4/0/0
cliente 301;monterrey;Sitio001;1000000000;Equipo087-0/4/0/1;Sitio001-cliente 301-Equipo087-0/4/0/1
cliente 302;monterrey;Sitio002;1000000000;Equipo087-0/4/0/2;Sitio002-cliente 302-Equipo087-0/4/0/2
cliente 303;monterrey;Sitio003;10000000000;Equipo088-0/1/0/1;Sitio003-cliente 303-Equipo088-0/1/0/1
cliente 304;monterrey;Sitio004;50000000;Equipo088-0/1/1/1;Sitio004-cliente 304-Equipo088-0/1/1/1
cliente 305;monterrey;Sitio001;1000000000;Equipo088-0/1/1/2;Sitio001-cliente 305-Equipo088-0/1/1/2
cliente 306;monterrey;Sitio002;1000000000;Equipo088-0/1/1/3;Sitio002-cliente 306-Equipo088-0/1/1/3
cliente 307;monterrey;Sitio003;10000000000;Equipo088-0/2/0/2;Sitio003-cliente 307-Equipo088-0/2/0/2
cliente 308;monterrey;Sitio004;50000000;Equipo088-0/2/1/2;Sitio004-cliente 308-Equipo088-0/2/1/2
cliente 309;monterrey;Sitio001;1000000000;Equipo089-0/2/0/1;Sitio001-cliente 309-Equipo089-0/2/0/1
cliente 310;monterrey;Sitio002;1000000000;Equipo089-0/2/0/2;Sitio002-cliente 310-Equipo089-0/2/0/2
cliente 311;monterrey;Sitio003;10000000000;Equipo089-0/2/1/1;Sitio003-cliente 311-Equipo089-0/2/1/1
cliente 312;monterrey;Sitio004;50000000;Equipo089-0/3/1/1;Sitio004-cliente 312-Equipo089-0/3/1/1
cliente 313;monterrey;Sitio001;1000000000;Equipo089-0/3/1/2;Sitio001-cliente 313-Equipo089-0/3/1/2
cliente 314;monterrey;Sitio002;1000000000;Equipo089-0/3/1/3;Sitio002-cliente 314-Equipo089-0/3/1/3
cliente 315;monterrey;Sitio003;10000000000;Equipo089-0/4/0/2;Sitio003-cliente 315-Equipo089-0/4/0/2
cliente 316;monterrey;Sitio004;50000000;Equipo090-2;Sitio004-cliente 316-Equipo090-2
cliente 317;monterrey;Sitio001;1000000000;Equipo090-3;Sitio001-cliente 317-Equipo090-3
cliente 318;monterrey;Sitio002;1000000000;Equipo090-4;Sitio002-cliente 318-Equipo090-4
cliente 319;monterrey;Sitio003;10000000000;Equipo087-0/4/0/2;Sitio003-cliente 319-Equipo087-0/4/0/2
cliente 320;monterrey;Sitio004;50000000;Equipo088-0/1/0/1;Sitio004-cliente 320-Equipo088-0/1/0/1
cliente 321;guadalajara;Sitio001;10000000;Equipo091-0/0/1/0;Sitio001-cliente 321-Equipo091-0/0/1/0
cliente 322;guadalajara;Sitio002;20000000;Equipo091-0/0/1/1;Sitio002-cliente 322-Equipo091-0/0/1/1
cliente 323;guadalajara;Sitio003;1000000000b;Equipo091-0/0/1/4;Sitio003-cliente 323-Equipo091-0/0/1/4
cliente 324;guadalajara;Sitio004;300000000;Equipo091-0/0/2/0;Sitio004-cliente 324-Equipo091-0/0/2/0
cliente 325;guadalajara;Sitio001;10000000;Equipo091-0/0/2/1;Sitio001-cliente 325-Equipo091-0/0/2/1
cliente 326;guadalajara;Sitio002;20000000;Equipo091-0/0/2/2;Sitio002-cliente 326-Equipo091-0/0/2/2
cliente 327;guadalajara;Sitio003;1000000000b;Equipo091-0/0/2/5;Sitio003-cliente 327-Equipo091-0/0/2/5
cliente 328;guadalajara;Sitio004;300000000;Equipo092-0/0/1/1;Sitio004-cliente 328-Equipo092-0/0/1/1
cliente 329;guadalajara;Sitio001;10000000;Equipo092-0/0/1/2;Sitio001-cliente 329-Equipo092-0/0/1/2
cliente 330;guadalajara;Sitio002;20000000;Equipo092-0/0/1/3;Sitio002-cliente 330-Equipo092-0/0/1/3
cliente 331;guadalajara;Sitio003;1000000000b;Equipo092-0/0/1/6;Sitio003-cliente 331-Equipo092-0/0/1/6
cliente 332;guadalajara;Sitio004;300000000;Equipo092-0/0/2/2;Sitio004-cliente 332-Equipo092-0/0/2/2
cliente 333;guadalajara;Sitio001;10000000;Equipo092-0/0/2/3;Sitio001-cliente 333-Equipo092-0/0/2/3
cliente 334;guadalajara;Sitio002;20000000;Equipo092-0/0/2/4;Sitio002-cliente 334-Equipo092-0/0/2/4
cliente 335;guadalajara;Sitio003;1000000000b;Equipo092-0/0/2/7;Sitio003-cliente 335-Equipo092-0/0/2/7
cliente 336;guadalajara;Sitio004;300000000;Equipo093-0/1/0/3;Sitio004-cliente 336-Equipo093-0/1/0/3
cliente 337;guadalajara;Sitio001;10000000;Equipo093-0/1/1/0;Sitio001-cliente 337-Equipo093-0/1/1/0
cliente 338;guadalajara;Sitio002;20000000;Equipo093-0/1/1/1;Sitio002-cliente 338-Equipo093-0/1/1/1
cliente 339;guadalajara;Sitio003;1000000000b;Equipo093-0/2/0/0;Sitio003-cliente 339-Equipo093-0/2/0/0
cliente 340;guadalajara;Sitio004;300000000;Equipo093-0/2/1/0;Sitio004-cliente 340-Equipo093-0/2/1/0
cliente 341;guadalajara;Sitio001;10000000;Equipo093-0/2/1/1;Sitio001-cliente 341-Equipo093-0/2/1/1
cliente 342;guadalajara;Sitio002;20000000;Equipo093-0/2/1/2;Sitio002-cliente 342-Equipo093-0/2/1/2
cliente 343;guadalajara;Sitio003;1000000000b;Equipo093-0/3/1/1;Sitio003-cliente 343-Equipo093-0/3/1/1
cliente 344;guadalajara;Sitio004;300000000;Equipo093-0/4/0/1;Sitio004-cliente 344-Equipo093-0/4/0/1
cliente 345;guadalajara;Sitio001;10000000;Equipo093-0/4/0/2;Sitio001-cliente 345-Equipo093-0/4/0/2
cliente 346;guadalajara;Sitio002;20000000;Equipo093-0/4/0/3;Sitio002-cliente 346-Equipo093-0/4/0/3
cliente 347;guadalajara;Sitio003;1000000000b;Equipo094-0/0/2;Sitio003-cliente 347-Equipo094-0/0/2
cliente 348;guadalajara;Sitio004;300000000;Equipo094-0/0/6;Sitio004-cliente 348-Equipo094-0/0/6
cliente 349;guadalajara;Sitio001;10000000;Equipo094-0/0/7;Sitio001-cliente 349-Equipo094-0/0/7
cliente 350;guadalajara;Sitio002;20000000;Equipo095-0/1/0/0;Sitio002-cliente 350-Equipo095-0/1/0/0
cliente 351;guadalajara;Sitio003;1000000000b;Equipo095-0/1/0/3;Sitio003-cliente 351-Equipo095-0/1/0/3
cliente 352;guadalajara;Sitio004;300000000;Equipo095-0/1/1/3;Sitio004-cliente 352-Equipo095-0/1/1/3
cliente 353;guadalajara;Sitio001;10000000;Equipo095-0/2/0/0;Sitio001-cliente 353-Equipo095-0/2/0/0
cliente 354;guadalajara;Sitio002;20000000;Equipo095-0/2/0/1;Sitio002-cliente 354-Equipo095-0/2/0/1
cliente 355;guadalajara;Sitio003;1000000000b;Equipo095-0/2/1/0;Sitio003-cliente 355-Equipo095-0/2/1/0
cliente 356;guadalajara;Sitio004;300000000;Equipo095-0/3/1/0;Sitio004-cliente 356-Equipo095-0/3/1/0
cliente 357;guadalajara;Sitio001;10000000;Equipo095-0/3/1/1;Sitio001-cliente 357-Equipo095-0/3/1/1
cliente 358;guadalajara;Sitio002;20000000;Equipo095-0/3/1/2;Sitio002-cliente 358-Equipo095-0/3/1/2
cliente 359;guadalajara;Sitio003;1000000000b;Equipo095-0/4/0/1;Sitio003-cliente 359-Equipo095-0/4/0/1
cliente 360;guadalajara;Sitio004;300000000;Equipo096-0/0/1;Sitio004-cliente 360-Equipo096-0/0/1
cliente 361;guadalajara;Sitio001;10000000;Equipo096-0/0/2;Sitio001-cliente 361-Equipo096-0/0/2
cliente 362;guadalajara;Sitio002;20000000;Equipo096-0/0/3;Sitio002-cliente 362-Equipo096-0/0/3
cliente 363;guadalajara;Sitio003;1000000000b;Equipo096-0/0/6;Sitio003-cliente 363-Equipo096-0/0/6
cliente 364;guadalajara;Sitio004;300000000;Equipo097-0/0/2;Sitio004-cliente 364-Equipo097-0/0/2
cliente 365;guadalajara;Sitio001;10000000;Equipo097-0/0/3;Sitio001-cliente 365-Equipo097-0/0/3
cliente 366;guadalajara;Sitio002;20000000;Equipo097-0/0/4;Sitio002-cliente 366-Equipo097-0/0/4
cliente 367;guadalajara;Sitio003;1000000000b;Equipo097-0/0/7;Sitio003-cliente 367-Equipo097-0/0/7
cliente 368;guadalajara;Sitio004;300000000;Equipo098-3;Sitio004-cliente 368-Equipo098-3
cliente 369;guadalajara;Sitio001;10000000;Equipo098-4;Sitio001-cliente 369-Equipo098-4
cliente 370;guadalajara;Sitio002;20000000;Equipo098-5;Sitio002-cliente 370-Equipo098-5
cliente 371;guadalajara;Sitio003;1000000000b;Equipo098-8;Sitio003-cliente 371-Equipo098-8
cliente 372;guadalajara;Sitio004;300000000;Equipo099-0;Sitio004-cliente 372-Equipo099-0
cliente 373;guadalajara;Sitio001;10000000;Equipo099-1;Sitio001-cliente 373-Equipo099-1
cliente 374;guadalajara;Sitio002;20000000;Equipo099-2;Sitio002-cliente 374-Equipo099-2
cliente 375;guadalajara;Sitio003;1000000000b;Equipo099-5;Sitio003-cliente 375-Equipo099-5
cliente 376;guadalajara;Sitio004;300000000;Equipo099-9;Sitio004-cliente 376-Equipo099-9
cliente 377;guadalajara;Sitio001;10000000;Equipo099-10;Sitio001-cliente 377-Equipo099-10
cliente 378;guadalajara;Sitio002;20000000;Equipo099-11;Sitio002-cliente 378-Equipo099-11
cliente 379;guadalajara;Sitio003;1000000000b;Equipo100-0/0/2;Sitio003-cliente 379-Equipo100-0/0/2
cliente 380;guadalajara;Sitio004;300000000;Equipo100-0/0/6;Sitio004-cliente 380-Equipo100-0/0/6
cliente 381;guadalajara;Sitio001;10000000;Equipo100-0/0/7;Sitio001-cliente 381-Equipo100-0/0/7
cliente 382;guadalajara;Sitio002;20000000;Equipo100-0/0/8;Sitio002-cliente 382-Equipo100-0/0/8
cliente 383;guadalajara;Sitio003;1000000000b;Equipo100-0/0/11;Sitio003-cliente 383-Equipo100-0/0/11
cliente 384;guadalajara;Sitio004;300000000;Equipo100-0/0/15;Sitio004-cliente 384-Equipo100-0/0/15
cliente 385;guadalajara;Sitio001;10000000;Equipo100-0/0/16;Sitio001-cliente 385-Equipo100-0/0/16
cliente 386;guadalajara;Sitio002;20000000;Equipo100-0/0/17;Sitio002-cliente 386-Equipo100-0/0/17
cliente 387;guadalajara;Sitio003;1000000000b;Equipo100-0/0/20;Sitio003-cliente 387-Equipo100-0/0/20
cliente 400;tijuana;Sitio001;2000000;Equipo101-0/0/0;Sitio001-cliente 400-Equipo101-0/0/0
cliente 401;tijuana;Sitio002;4000000;Equipo101-0/0/1;Sitio002-cliente 401-Equipo101-0/0/1
cliente 402;tijuana;Sitio003;10000000;Equipo101-0/0/2;Sitio003-cliente 402-Equipo101-0/0/2
cliente 403;tijuana;Sitio004;2000000;Equipo101-0/0/5;Sitio004-cliente 403-Equipo101-0/0/5
cliente 404;tijuana;Sitio005;100000000;Equipo102-0/1;Sitio005-cliente 404-Equipo102-0/1
cliente 405;tijuana;Sitio001;1000000000;Equipo102-0/2;Sitio001-cliente 405-Equipo102-0/2
cliente 406;tijuana;Sitio002;30000000;Equipo102-0/3;Sitio002-cliente 406-Equipo102-0/3
cliente 407;tijuana;Sitio003;50000000;Equipo102-0/6;Sitio003-cliente 407-Equipo102-0/6
cliente 408;tijuana;Sitio004;200000000;Equipo102-0/10;Sitio004-cliente 408-Equipo102-0/10
cliente 409;tijuana;Sitio005;500000000;Equipo102-0/11;Sitio005-cliente 409-Equipo102-0/11
cliente 410;tijuana;Sitio001;2000000;Equipo103-0/0/0;Sitio001-cliente 410-Equipo103-0/0/0
cliente 411;tijuana;Sitio002;4000000;Equipo103-0/0/3;Sitio002-cliente 411-Equipo103-0/0/3
cliente 412;tijuana;Sitio003;10000000;Equipo103-0/0/7;Sitio003-cliente 412-Equipo103-0/0/7
cliente 413;tijuana;Sitio004;2000000;Equipo103-0/0/8;Sitio004-cliente 413-Equipo103-0/0/8
cliente 414;tijuana;Sitio005;100000000;Equipo103-0/0/9;Sitio005-cliente 414-Equipo103-0/0/9
cliente 415;tijuana;Sitio001;1000000000;Equipo103-0/0/12;Sitio001-cliente 415-Equipo103-0/0/12
cliente 416;tijuana;Sitio002;30000000;Equipo103-0/0/16;Sitio002-cliente 416-Equipo103-0/0/16
cliente 417;tijuana;Sitio003;50000000;Equipo103-0/0/17;Sitio003-cliente 417-Equipo103-0/0/17
cliente 418;tijuana;Sitio004;200000000;Equipo103-0/0/18;Sitio004-cliente 418-Equipo103-0/0/18
cliente 419;tijuana;Sitio005;500000000;Equipo103-0/0/21;Sitio005-cliente 419-Equipo103-0/0/21
cliente 420;tijuana;Sitio001;2000000;Equipo104-0/0/1;Sitio001-cliente 420-Equipo104-0/0/1
cliente 421;tijuana;Sitio002;4000000;Equipo104-0/0/2;Sitio002-cliente 421-Equipo104-0/0/2
cliente 422;tijuana;Sitio003;10000000;Equipo104-0/0/3;Sitio003-cliente 422-Equipo104-0/0/3
cliente 423;tijuana;Sitio004;2000000;Equipo104-0/0/6;Sitio004-cliente 423-Equipo104-0/0/6
cliente 424;tijuana;Sitio005;100000000;Equipo104-0/0/10;Sitio005-cliente 424-Equipo104-0/0/10
cliente 425;tijuana;Sitio001;1000000000;Equipo104-0/0/11;Sitio001-cliente 425-Equipo104-0/0/11
cliente 426;tijuana;Sitio002;30000000;Equipo104-0/0/12;Sitio002-cliente 426-Equipo104-0/0/12
cliente 427;tijuana;Sitio003;50000000;Equipo104-0/0/15;Sitio003-cliente 427-Equipo104-0/0/15
cliente 428;tijuana;Sitio004;200000000;Equipo104-0/0/19;Sitio004-cliente 428-Equipo104-0/0/19
cliente 429;tijuana;Sitio005;500000000;Equipo104-0/0/20;Sitio005-cliente 429-Equipo104-0/0/20
cliente 430;tijuana;Sitio001;2000000;Equipo104-0/0/21;Sitio001-cliente 430-Equipo104-0/0/21
cliente 431;tijuana;Sitio002;4000000;Equipo105-0/0/0;Sitio002-cliente 431-Equipo105-0/0/0
cliente 432;tijuana;Sitio003;10000000;Equipo105-0/0/4;Sitio003-cliente 432-Equipo105-0/0/4
cliente 433;tijuana;Sitio004;2000000;Equipo105-0/0/5;Sitio004-cliente 433-Equipo105-0/0/5
cliente 434;tijuana;Sitio005;100000000;Equipo105-0/0/6;Sitio005-cliente 434-Equipo105-0/0/6
cliente 435;tijuana;Sitio001;1000000000;Equipo105-0/0/9;Sitio001-cliente 435-Equipo105-0/0/9
cliente 436;tijuana;Sitio002;30000000;Equipo105-0/0/13;Sitio002-cliente 436-Equipo105-0/0/13
cliente 437;tijuana;Sitio003;50000000;Equipo105-0/0/14;Sitio003-cliente 437-Equipo105-0/0/14
cliente 438;tijuana;Sitio004;200000000;Equipo105-0/0/15;Sitio004-cliente 438-Equipo105-0/0/15
cliente 439;tijuana;Sitio005;500000000;Equipo105-0/0/18;Sitio005-cliente 439-Equipo105-0/0/18
cliente 440;tijuana;Sitio001;2000000;Equipo105-0/0/22;Sitio001-cliente 440-Equipo105-0/0/22
cliente 441;tijuana;Sitio002;4000000;Equipo105-0/0/23;Sitio002-cliente 441-Equipo105-0/0/23

